Date,VIX
12/31/2002,28.21047619
12/31/2003,22.09081057
12/31/2004,15.48528451
12/31/2005,12.79518764
12/31/2006,12.78101981
12/31/2007,17.44885313
12/31/2008,32.65584009
12/31/2009,31.66154999
12/31/2010,22.59067149
12/31/2011,24.03189921
12/31/2012,17.80256846
12/31/2013,14.22854427
12/31/2014,14.14845353
12/31/2015,16.68264633
12/31/2016,15.92360525
12/31/2017,11.09647168
12/31/2018,16.74338903
12/31/2019,15.36547497
12/31/2020,29.08024147
8/31/2021,19.88789238
